Username,Email,Password (encoded)
henry,henry287@gmail.org.vn,6cdc5a72dc333ad6d4eb71d4a84c8824726e7aac604a16b0257784083b7e188a
john,john295@gmail.mil.vn,cc00499c113ff188075fb469da0607811653b67a47c6f627858f3811e7fc7910
doe,doe281@gmail.gov.jp,d887800ff769b4f2467cd9aab1a8b514fb6c0c7933df826a11e6eda9595ab91b
james,james198@gmail.biz.ca,f8e771b3f48274e252ca4f9789a958df234e06a8d87711e2508509331909d483
harry,harry461@gmail.gov.ca,f7dd3290b0fe0b59221d6c230dc21541bd8a783d38bc04c9bc9c8deb6a316574
william,william263@gmail.int.uk,d9511eea476313934ad197441a7910833a2630e480b78efb491ea8b75f697ab0
thomas,thomas177@gmail.edu.vn,ec346e37df2b58ef07980ba81b12c41df4329db6d9494b00ec8bc611aad21e91
gouge,gouge411@gmail.mil.cn,a38792e5b25aa7f06e315f3ec3a07c3abfd1e333970d564c4a23f18c5d5ab9c0
coder,coder480@gmail.info.ca,dff3841df23ef71ba225f492bf5337909b9345510df674b635fc59a75c44470f
gamer,gamer943@gmail.net.cn,3743f0c6c65e975d965f90ba73accb14523146e4bb0986ec3c0d74a8a7f69628
vendor,vendor162@gmail.int.uk,5bbd7c4782dfc952d98ccb276936abd33b4ec27e5f512149e11d178bb9664987
pen,pen283@gmail.int.cn,3e0aace6e9432402d3278a2adbb5c6627bf8249885e3671cd7a32ebd43bb4a69
bond,bond840@gmail.com.vn,90231a7902a7ae6eb420a18976526a904bc87f80b9bded7eb989251f58e25cd5
jack,jack890@gmail.mil.jp,2259289492306aee0044c8878bf1304e22e10868764e58b7699c95d23e8cadeb
bray,bray527@gmail.biz.jp,974ae5f02cd8c3bc60e917ee2aaacce42563773ba6bd16ddb8ff1fde38724228
